{"cameraMode":{"drawMode":0,"name":"Shaded","section":"Shading Mode"},"sceneLighting":true,"audioPlay":false,"sceneViewState":{"showFog":false,"showMaterialUpdate":false,"showSkybox":false,"showFlares":false,"showImageEffects":false,"showParticleSystems":false},"in2DMode":false,"pivot":{"x":435.1406555175781,"y":0.8354002237319946,"z":-110.24248504638672},"rotation":{"x":0.28206944465637209,"y":0.6502975225448608,"z":-0.28410783410072329,"w":0.6456289291381836},"size":4.761752605438232,"orthographic":true}